Workbook

Sheet IDENT
A6: Rodovia | B6: BR-xxx
A7: Início | B7: =$B$2 -> 0
A8: Final | B8: 1000000
A9: Sentido | B9: Crescente / Decrescente
A10: Extensão: | B10: =B8-B7&" km" -> 1000000 km
A11: =IF(OR(B16="ACESSO",B16="INTERSEÇÃO"),"KM REF:", "Trecho:") -> Trecho: | B11: xxxxxx - xxxxxx
A12: Pista: | B12: SIMPLES/DUPLA/FAIXA ADICIONAL
A14: SRE | B14: xxxXXXxxxx

Sheet anexo_b
A1: FORMULÁRIO DE LEVANTAMENTO VISUAL CONTÍNUO PRO 008/2003 DNIT
A4: RODOVIA: | B4: =IDENT!B6 -> BR-xxx | L4: SENTIDO: | M4: =IDENT!B9 -> Crescente / Decrescente
A5: =IDENT!A11 -> Trecho: | B5: =IDENT!B11 -> xxxxxx - xxxxxx | L5: EXTENSÃO: | M5: =TEXT(IDENT!$B$10,"0,00")&" km" -> 1000000 km km
A6: SRE : | B6: =IDENT!B14 -> xxxXXXxxxx | L6: PISTA: | M6: =IDENT!B12 -> SIMPLES/DUPLA/FAIXA ADICIONAL
A7: SEGMENTO HOMOGÊNEO | G7: FREQUÊNCIA DE DEFEITOS
A8: Nº | B8: Estaca | D8: km | F8: Extensão | G8: P | H8: Trincas | K8: R | L8: Deformações | N8: Outros Defeitos
B9: Inicial | C9: Final | D9: Inicial | E9: Final | F9: (m) | H9: TR | I9: TJ | J9: TB | L9: AF | M9: O | N9: D | O9: EX | P9: E

Sheet anexo_c
A1: CÁLCULO DO IGGE - PRO 008/2003 DNIT
A4: RODOVIA: | B4: =IDENT!B6 -> BR-xxx | M4: =anexo_b!L4 -> SENTIDO: | N4: =IDENT!B9 -> Crescente / Decrescente
A5: =IDENT!A11 -> Trecho: | B5: =IDENT!B11 -> xxxxxx - xxxxxx | M5: EXTENSÃO: | N5: =TEXT(IDENT!$B$10,"0,00")&" km" -> 1000000 km km
A6: SRE : | B6: =anexo_b!B6 -> xxxXXXxxxx | M6: =anexo_b!L6 -> PISTA: | N6: =anexo_b!M6 -> SIMPLES/DUPLA/FAIXA ADICIONAL
A7: SEGMENTO HOMOGÊNEO | G7: TRINCAS | J7: DEFORMAÇÕES | M7: PANELA + REMENDO | P7: (Ft x Pt) +
A8: Nº | B8: Estaca | D8: km | F8: Extensão | G8: Ft % | H8: Pt | I8: Ft x Pt | J8: Foap % | K8: Poap | L8: Foap x Poap | M8: Fpr nº | N8: Ppr | O8: Fpr x Ppr | P8: (Foap x Poap) +
B9: Inicial | C9: Final | D9: Inicial | E9: Final | F9: (m) | P9: (Fpr x Ppr) =
B10: =D10/0.02 -> 50 | D10: 1 | E10: 2

Sheet anexo_d
A1: QUADRO RESUMO - PRO 008/2003 DNIT
A4: RODOVIA: | B4: =IDENT!B6 -> BR-xxx | I4: =anexo_b!L4 -> SENTIDO: | J4: =IDENT!B9 -> Crescente / Decrescente
A5: =IDENT!A11 -> Trecho: | B5: =IDENT!B11 -> xxxxxx - xxxxxx | I5: EXTENSÃO: | J5: =TEXT(IDENT!$B$10,"0,00")&" km" -> 1000000 km km
A6: =anexo_b!A6 -> SRE : | B6: =anexo_b!B6 -> xxxXXXxxxx | I6: =anexo_b!L6 -> PISTA: | J6: =anexo_b!M6 -> SIMPLES/DUPLA/FAIXA ADICIONAL
A7: SEGMENTO HOMOGÊNEO | G7: ICPF | H7: IGGE | I7: IES | L7: AVS | M7: OBSERVAÇÕES
A8: Nº | B8: Estaca | D8: km | F8: Extensão | I8: Valor | J8: Cód | K8: Conceito
B9: Inicial | C9: Final | D9: Inicial | E9: Final | F9: (m)
